{
  "version": "3.0",
  "project": "App Factory - Piovis Plugin Framework",
  "last_updated": "2025-12-23T20:30:00Z",
  "last_delivered": "D032",
  "total_files": 90,
  "delivered_count": 38,
  "progress_percent": 42,

  "architecture": {
    "name": "Plugin Option C",
    "stack": "Tauri 1.8.x + React 18 + TypeScript + Python 3.11 subprocess",
    "ipc": "JSON-RPC 2.0 over stdio (newline-delimited)",
    "plugin_framework": "Pluggy pattern with contract-based discovery"
  },

  "paths": {
    "root": "C:\\Users\\anujd\\Documents\\01_AI\\173_piovisstudio\\app_factory",
    "contracts": "contracts/",
    "config": "config/",
    "plugin_host": "plugins/_host/",
    "ui_components": "src/components/ui/",
    "context": "src/context/",
    "rust_ipc": "src-tauri/src/ipc/",
    "rust_commands": "src-tauri/src/commands/"
  },

  "phases": {
    "0": {
      "name": "Foundations",
      "range": "D001-D009",
      "status": "COMPLETE",
      "count": 9,
      "delivered": 9,
      "files": ["D001", "D002", "D003", "D004", "D005", "D006", "D007", "D008", "D009"]
    },
    "1": {
      "name": "Atomic UI Components",
      "range": "D010-D019",
      "status": "COMPLETE",
      "count": 10,
      "delivered": 10,
      "files": ["D010", "D011", "D012", "D013", "D014", "D015", "D016", "D017", "D018", "D019"]
    },
    "2": {
      "name": "Plugin Infrastructure",
      "range": "D020-D029",
      "status": "COMPLETE",
      "count": 10,
      "delivered": 10,
      "files": ["D020", "D021", "D022", "D023", "D024", "D025", "D026", "D027", "D028", "D029"]
    },
    "3": {
      "name": "Rust IPC Layer",
      "range": "D030-D039",
      "status": "IN_PROGRESS",
      "count": 7,
      "delivered": 3,
      "files": ["D030", "D031", "D032", "D033", "D034", "D035", "D036"],
      "completed": ["D030", "D031", "D032"],
      "remaining": ["D033", "D034", "D035", "D036"]
    },
    "4": {
      "name": "Frontend Integration",
      "range": "D040-D049",
      "status": "NOT_STARTED",
      "count": 10,
      "delivered": 0,
      "files": ["D040", "D041", "D042", "D043", "D044", "D045", "D046", "D047", "D048", "D049"]
    },
    "5": {
      "name": "Plugin Creation Pipeline",
      "range": "D050-D062",
      "status": "NOT_STARTED",
      "count": 13,
      "delivered": 0,
      "files": ["D050", "D051", "D052", "D053", "D054", "D055", "D056", "D057", "D058", "D059", "D060", "D061", "D062"]
    },
    "6": {
      "name": "App Management + AI",
      "range": "D063-D079",
      "status": "NOT_STARTED",
      "count": 17,
      "delivered": 0,
      "files": ["D063", "D064", "D065", "D066", "D067", "D068", "D069", "D070", "D071", "D072", "D073", "D074", "D075", "D076", "D077", "D078", "D079"]
    },
    "7": {
      "name": "Production Export + Docs",
      "range": "D080-D090",
      "status": "NOT_STARTED",
      "count": 11,
      "delivered": 0,
      "files": ["D080", "D081", "D082", "D083", "D084", "D085", "D086", "D087", "D088", "D089", "D090"]
    }
  },

  "file_manifest": {
    "D001": {"path": "contracts/base.py", "status": "EXISTS", "desc": "PluginBase ABC"},
    "D002": {"path": "contracts/tts_contract.py", "status": "EXISTS", "desc": "TTS contract interface"},
    "D003": {"path": "contracts/stt_contract.py", "status": "EXISTS", "desc": "STT contract interface"},
    "D004": {"path": "contracts/llm_contract.py", "status": "EXISTS", "desc": "LLM contract interface"},
    "D005": {"path": "config/contract_prefixes.yaml", "status": "EXISTS", "desc": "Plugin category prefixes"},
    "D006": {"path": "config/design_tokens.css", "status": "EXISTS", "desc": "CSS custom properties"},
    "D007": {"path": "tailwind.config.js", "status": "EXISTS", "desc": "Tailwind token integration"},
    "D008": {"path": "config/manifest_schema.json", "status": "EXISTS", "desc": "Plugin manifest JSON schema"},
    "D009": {"path": "config/error_codes.yaml", "status": "EXISTS", "desc": "JSON-RPC error codes"},
    "D010": {"path": "src/components/ui/Button.tsx", "status": "EXISTS", "desc": "Button atom"},
    "D011": {"path": "src/components/ui/Input.tsx", "status": "EXISTS", "desc": "Input atom"},
    "D012": {"path": "src/components/ui/Select.tsx", "status": "EXISTS", "desc": "Select atom"},
    "D013": {"path": "src/components/ui/Checkbox.tsx", "status": "EXISTS", "desc": "Checkbox atom"},
    "D014": {"path": "src/components/ui/Panel.tsx", "status": "EXISTS", "desc": "Panel container"},
    "D015": {"path": "src/components/ui/Modal.tsx", "status": "EXISTS", "desc": "Modal dialog"},
    "D016": {"path": "src/components/ui/ThemePreview.tsx", "status": "EXISTS", "desc": "Theme preview component"},
    "D017": {"path": "src/components/ui/ThemeCustomizationPanel.tsx", "status": "EXISTS", "desc": "Theme editor"},
    "D018": {"path": "src/context/ThemeProvider.tsx", "status": "EXISTS", "desc": "Theme context provider"},
    "D019": {"path": "src/components/ui/WindowConfigPanel.tsx", "status": "EXISTS", "desc": "Window config UI"},
    "D020": {"path": "plugins/_host/discovery.py", "status": "EXISTS", "desc": "HybridDiscovery class"},
    "D021": {"path": "plugins/_host/__init__.py", "status": "EXISTS", "desc": "Host package init + logging"},
    "D022": {"path": "plugins/_host/validator.py", "status": "EXISTS", "desc": "PluginValidator class"},
    "D023": {"path": "plugins/_host/loader.py", "status": "EXISTS", "desc": "PluginLoader class"},
    "D024": {"path": "plugins/_host/manager.py", "status": "EXISTS", "desc": "PluginManager class"},
    "D025": {"path": "plugins/_host/__main__.py", "status": "EXISTS", "desc": "Plugin host entry point"},
    "D026": {"path": "plugins/_host/protocol.py", "status": "EXISTS", "desc": "JSON-RPC router"},
    "D027": {"path": "plugins/_host/shutdown.py", "status": "EXISTS", "desc": "Graceful shutdown handler"},
    "D028": {"path": "plugins/_host/isolation.py", "status": "EXISTS", "desc": "IsolatedExecutor class"},
    "D029": {"path": "config/contracts_registry.yaml", "status": "EXISTS", "desc": "Contract registry config"},
    "D030": {"path": "src-tauri/src/ipc/mod.rs", "status": "EXISTS", "desc": "IPC module root"},
    "D031": {"path": "src-tauri/src/ipc/request.rs", "status": "EXISTS", "desc": "JSON-RPC request builder"},
    "D032": {"path": "src-tauri/src/ipc/response.rs", "status": "EXISTS", "desc": "JSON-RPC response parser"},
    "D033": {"path": "src-tauri/src/ipc/spawn.rs", "status": "GAP", "desc": "Python subprocess spawn", "deps": ["D030"]},
    "D034": {"path": "src-tauri/src/ipc/health.rs", "status": "GAP", "desc": "Health monitoring", "deps": ["D030", "D031"]},
    "D035": {"path": "src-tauri/src/ipc/manager.rs", "status": "GAP", "desc": "IpcManager struct", "deps": ["D033", "D034"]},
    "D036": {"path": "src-tauri/src/commands/mod.rs", "status": "GAP", "desc": "Tauri command handlers", "deps": ["D035"]},
    "D040": {"path": "src/components/factory/PluginGallery.tsx", "status": "GAP", "desc": "Plugin gallery grid"},
    "D041": {"path": "src/components/factory/PluginCard.tsx", "status": "GAP", "desc": "Plugin card component"},
    "D042": {"path": "src/components/factory/ComponentGallery.tsx", "status": "GAP", "desc": "FE component gallery"},
    "D043": {"path": "src/components/factory/ComponentCard.tsx", "status": "GAP", "desc": "Component card"},
    "D044": {"path": "src/components/factory/PreviewPanel.tsx", "status": "GAP", "desc": "Live preview panel"},
    "D045": {"path": "src/components/factory/CanvasEditor.tsx", "status": "GAP", "desc": "Layout canvas editor"},
    "D046": {"path": "src/components/factory/PropertyInspector.tsx", "status": "GAP", "desc": "Property editor panel"},
    "D047": {"path": "src/components/factory/ExportModal.tsx", "status": "GAP", "desc": "Export configuration modal"},
    "D048": {"path": "src/components/factory/ScreenTree.tsx", "status": "GAP", "desc": "Screen/widget tree view"},
    "D049": {"path": "src/components/factory/FactoryLayout.tsx", "status": "GAP", "desc": "Main factory layout"},
    "D050": {"path": "src/components/wizard/PluginWizard.tsx", "status": "GAP", "desc": "Plugin creation wizard"},
    "D051": {"path": "src/components/wizard/ContractSelector.tsx", "status": "GAP", "desc": "Contract type selector"},
    "D052": {"path": "src/components/wizard/ManifestEditor.tsx", "status": "GAP", "desc": "Manifest editor form"},
    "D053": {"path": "src/components/wizard/DependencySelector.tsx", "status": "GAP", "desc": "Dependency picker"},
    "D054": {"path": "src/components/wizard/ScaffoldPreview.tsx", "status": "GAP", "desc": "Generated code preview"},
    "D055": {"path": "plugins/_host/scaffold.py", "status": "GAP", "desc": "Plugin scaffold generator"},
    "D056": {"path": "plugins/_host/templates/", "status": "GAP", "desc": "Plugin templates directory"},
    "D057": {"path": "src/components/testing/PluginTester.tsx", "status": "GAP", "desc": "Plugin test harness UI"},
    "D058": {"path": "src/components/testing/MethodInvoker.tsx", "status": "GAP", "desc": "Method test invoker"},
    "D059": {"path": "src/components/testing/HealthDashboard.tsx", "status": "GAP", "desc": "Health status dashboard"},
    "D060": {"path": "src/components/testing/LogViewer.tsx", "status": "GAP", "desc": "Plugin log viewer"},
    "D061": {"path": "plugins/_host/test_runner.py", "status": "GAP", "desc": "Python test runner"},
    "D062": {"path": "config/test_fixtures.yaml", "status": "GAP", "desc": "Test fixture definitions"},
    "D063": {"path": "src/components/project/ProjectLoader.tsx", "status": "GAP", "desc": "Load existing project"},
    "D064": {"path": "src/components/project/ComponentEditor.tsx", "status": "GAP", "desc": "Edit FE components"},
    "D065": {"path": "src/components/project/ScreenEditor.tsx", "status": "GAP", "desc": "Edit screens/widgets"},
    "D066": {"path": "src/components/project/PluginSlotManager.tsx", "status": "GAP", "desc": "Plugin slot view"},
    "D067": {"path": "src/components/project/AddSlotModal.tsx", "status": "GAP", "desc": "Add component slot"},
    "D068": {"path": "src/components/project/SwapPluginModal.tsx", "status": "GAP", "desc": "Hot-swap plugin UI"},
    "D069": {"path": "src/components/ai/ChatInterface.tsx", "status": "GAP", "desc": "AI chat UI"},
    "D070": {"path": "src/components/ai/ComponentGenerator.tsx", "status": "GAP", "desc": "AI component gen"},
    "D071": {"path": "src/components/ai/ConversationFlow.tsx", "status": "GAP", "desc": "AI conversation wizard"},
    "D072": {"path": "src/components/ai/ContractWizard.tsx", "status": "GAP", "desc": "AI contract creator"},
    "D073": {"path": "src/components/ai/FixSuggestions.tsx", "status": "GAP", "desc": "AI fix suggestions"},
    "D074": {"path": "src/components/gallery/GalleryManager.tsx", "status": "GAP", "desc": "Gallery CRUD UI"},
    "D075": {"path": "src/stores/factoryStore.ts", "status": "GAP", "desc": "Zustand factory store"},
    "D076": {"path": "src/stores/pluginStore.ts", "status": "GAP", "desc": "Zustand plugin store"},
    "D077": {"path": "src/stores/projectStore.ts", "status": "GAP", "desc": "Zustand project store"},
    "D078": {"path": "src/hooks/useIpc.ts", "status": "GAP", "desc": "IPC React hook"},
    "D079": {"path": "src/hooks/usePlugin.ts", "status": "GAP", "desc": "Plugin management hook"},
    "D080": {"path": "src/utils/exporter.ts", "status": "GAP", "desc": "Project export logic"},
    "D081": {"path": "templates/tauri.conf.template.json", "status": "GAP", "desc": "Tauri config template"},
    "D082": {"path": "templates/plugins.yaml.template", "status": "GAP", "desc": "Plugin config template"},
    "D083": {"path": "templates/start.bat.template", "status": "GAP", "desc": "Windows launcher template"},
    "D084": {"path": "templates/.env.template", "status": "GAP", "desc": "Environment template"},
    "D085": {"path": "templates/README.md.template", "status": "GAP", "desc": "Project README template"},
    "D086": {"path": "docs/ARCHITECTURE.md", "status": "GAP", "desc": "Architecture documentation"},
    "D087": {"path": "docs/PLUGIN_DEVELOPMENT.md", "status": "GAP", "desc": "Plugin dev guide"},
    "D088": {"path": "docs/API_REFERENCE.md", "status": "GAP", "desc": "API reference docs"},
    "D089": {"path": "docs/TROUBLESHOOTING.md", "status": "GAP", "desc": "Troubleshooting guide"},
    "D090": {"path": "docs/CHANGELOG.md", "status": "GAP", "desc": "Project changelog"}
  },

  "patterns": {
    "python_file_header": "\"\"\"\\nD{NNN} - {path}\\n{'=' * len('D{NNN} - {path}')}\\n{description}\\n\\nArchitecture: Plugin Option C (Tauri + React + Python subprocess via stdio IPC)\\nProtocol: JSON-RPC 2.0 over stdin/stdout\\n\\nDependencies:\\n    - {deps}\\n\"\"\"",
    "python_imports_order": "# stdlib -> third-party -> local (contracts -> config -> plugins/_host)",
    "python_error_handling": "from config.error_codes import ErrorCodes; raise PluginError(ErrorCodes.INVALID_PARAMS, 'message')",
    "rust_file_header": "//! D{NNN} - {path}\\n//! {'=' * len('D{NNN} - {path}')}\\n//! {description}\\n//!\\n//! Architecture: Plugin Option C (Tauri + React + Python subprocess via stdio IPC)\\n//! Protocol: JSON-RPC 2.0 over stdin/stdout (newline-delimited)",
    "rust_module_export": "pub mod {name};\\npub use {name}::*;",
    "tsx_file_header": "/**\\n * D{NNN} - {path}\\n * {'=' * len('D{NNN} - {path}')}\\n * {description}\\n *\\n * Architecture: Plugin Option C (Tauri + React + Python subprocess via stdio IPC)\\n * Dependencies: {deps}\\n */",
    "tsx_component_template": "interface {Name}Props {}\\n\\nexport const {Name}: React.FC<{Name}Props> = ({}) => {\\n  return (\\n    <div className=\"\">\\n    </div>\\n  );\\n};",
    "tailwind_only": "NO hardcoded colors, spacing, or sizes - ALL styling via Tailwind classes referencing design tokens"
  },

  "rules": {
    "single_touch": "Each file implemented exactly once at its DOrd position",
    "no_forward_refs": "Files may only import from LOWER DOrd IDs",
    "complete_at_delivery": "No stubs, placeholders, TODOs, or mock data",
    "preserve_existing": "Do not modify already-delivered files unless explicitly requested"
  },

  "next_session": {
    "resume_from": "D033",
    "files_to_deliver": ["D033", "D034", "D035", "D036"],
    "phase": "3",
    "phase_name": "Rust IPC Layer",
    "dependencies_to_read": ["D030", "D031", "D032"]
  }
}
